{"__symbolic":"module","version":4,"metadata":{"ErrorCollectComponent":{"__symbolic":"class","decorators":[{"__symbolic":"call","expression":{"__symbolic":"reference","module":"@angular/core","name":"Component","line":15,"character":1},"arguments":[{"selector":"error-collect, [error-collect]","exportAs":"errorCollect","template":"\n    <i nz-icon nzType=\"exclamation-circle\"></i>\n    <span class=\"pl-sm\">{{ count }}</span>\n  ","host":{"[class.error-collect]":"true","[class.d-none]":"_hiden","(click)":"_click()","$quoted$":["[class.error-collect]","[class.d-none]","(click)"]},"changeDetection":{"__symbolic":"select","expression":{"__symbolic":"reference","module":"@angular/core","name":"ChangeDetectionStrategy","line":27,"character":19},"member":"OnPush"}}]}],"members":{"freq":[{"__symbolic":"property","decorators":[{"__symbolic":"call","expression":{"__symbolic":"reference","module":"@angular/core","name":"Input","line":33,"character":3}},{"__symbolic":"call","expression":{"__symbolic":"reference","module":"@delon/util","name":"InputNumber","line":33,"character":12}}]}],"offsetTop":[{"__symbolic":"property","decorators":[{"__symbolic":"call","expression":{"__symbolic":"reference","module":"@angular/core","name":"Input","line":34,"character":3}},{"__symbolic":"call","expression":{"__symbolic":"reference","module":"@delon/util","name":"InputNumber","line":34,"character":12}}]}],"__ctor__":[{"__symbolic":"constructor","parameterDecorators":[null,null,null,[{"__symbolic":"call","expression":{"__symbolic":"reference","module":"@angular/core","name":"Inject","line":44,"character":5},"arguments":[{"__symbolic":"reference","module":"@angular/common","name":"DOCUMENT","line":44,"character":12}]}]],"parameters":[{"__symbolic":"reference","name":"ErrorCollectConfig"},{"__symbolic":"reference","module":"@angular/core","name":"ElementRef","line":42,"character":16},{"__symbolic":"reference","module":"@angular/core","name":"ChangeDetectorRef","line":43,"character":17},{"__symbolic":"reference","name":"any"}]}],"update":[{"__symbolic":"method"}],"_click":[{"__symbolic":"method"}],"install":[{"__symbolic":"method"}],"uninstall":[{"__symbolic":"method"}],"findParent":[{"__symbolic":"method"}],"ngOnInit":[{"__symbolic":"method"}],"ngOnDestroy":[{"__symbolic":"method"}]}},"ErrorCollectConfig":{"__symbolic":"class","decorators":[{"__symbolic":"call","expression":{"__symbolic":"reference","module":"@angular/core","name":"Injectable","line":2,"character":1},"arguments":[{"providedIn":"root"}]}],"members":{},"statics":{"ngInjectableDef":{}}},"ErrorCollectModule":{"__symbolic":"class","decorators":[{"__symbolic":"call","expression":{"__symbolic":"reference","module":"@angular/core","name":"NgModule","line":9,"character":1},"arguments":[{"imports":[{"__symbolic":"reference","module":"@angular/common","name":"CommonModule","line":10,"character":12},{"__symbolic":"reference","module":"@delon/util","name":"DelonUtilModule","line":10,"character":26},{"__symbolic":"reference","module":"ng-zorro-antd/icon","name":"NzIconModule","line":10,"character":43}],"declarations":[{"__symbolic":"reference","name":"ErrorCollectComponent"}],"exports":[{"__symbolic":"reference","name":"ErrorCollectComponent"}]}]}],"members":{}}},"origins":{"ErrorCollectComponent":"./error-collect.component","ErrorCollectConfig":"./error-collect.config","ErrorCollectModule":"./error-collect.module"},"importAs":"@delon/abc/error-collect"}