{"__symbolic":"module","version":4,"metadata":{"AvatarListItemComponent":{"__symbolic":"class","decorators":[{"__symbolic":"call","expression":{"__symbolic":"reference","module":"@angular/core","name":"Component","line":2,"character":1},"arguments":[{"selector":"avatar-list-item, [avatar-list-item]","exportAs":"avatarListItem","template":"<ng-content></ng-content>"}]}],"members":{"src":[{"__symbolic":"property","decorators":[{"__symbolic":"call","expression":{"__symbolic":"reference","module":"@angular/core","name":"Input","line":8,"character":3}}]}],"text":[{"__symbolic":"property","decorators":[{"__symbolic":"call","expression":{"__symbolic":"reference","module":"@angular/core","name":"Input","line":9,"character":3}}]}],"icon":[{"__symbolic":"property","decorators":[{"__symbolic":"call","expression":{"__symbolic":"reference","module":"@angular/core","name":"Input","line":10,"character":3}}]}],"tips":[{"__symbolic":"property","decorators":[{"__symbolic":"call","expression":{"__symbolic":"reference","module":"@angular/core","name":"Input","line":11,"character":3}}]}]}},"AvatarListComponent":{"__symbolic":"class","decorators":[{"__symbolic":"call","expression":{"__symbolic":"reference","module":"@angular/core","name":"Component","line":14,"character":1},"arguments":[{"selector":"avatar-list","exportAs":"avatarList","host":{"[class.avatar-list]":"true","$quoted$":["[class.avatar-list]"]},"changeDetection":{"__symbolic":"select","expression":{"__symbolic":"reference","module":"@angular/core","name":"ChangeDetectionStrategy","line":19,"character":19},"member":"OnPush"},"template":"<ul class=\"avatar-list__wrap\">\n  <li *ngFor=\"let i of items\"\n      [class]=\"cls\">\n    <nz-tooltip *ngIf=\"i.tips\"\n                [nzTitle]=\"i.tips\">\n      <nz-avatar nz-tooltip\n                 [nzSrc]=\"i.src\"\n                 [nzText]=\"i.text\"\n                 [nzIcon]=\"i.icon\"\n                 [nzSize]=\"avatarSize\"></nz-avatar>\n    </nz-tooltip>\n    <nz-avatar *ngIf=\"!i.tips\"\n               [nzSrc]=\"i.src\"\n               [nzText]=\"i.text\"\n               [nzIcon]=\"i.icon\"\n               [nzSize]=\"avatarSize\"></nz-avatar>\n  </li>\n  <li *ngIf=\"exceedCount > 0\"\n      [class]=\"cls\">\n    <nz-avatar [nzSize]=\"avatarSize\"\n               style=\"cursor: auto\"\n               [ngStyle]=\"excessItemsStyle\"\n               [nzText]=\"'+' + exceedCount\"></nz-avatar>\n  </li>\n</ul>\n"}]}],"members":{"_items":[{"__symbolic":"property","decorators":[{"__symbolic":"call","expression":{"__symbolic":"reference","module":"@angular/core","name":"ContentChildren","line":23,"character":3},"arguments":[{"__symbolic":"reference","name":"AvatarListItemComponent"},{"descendants":false}]}]}],"size":[{"__symbolic":"property","decorators":[{"__symbolic":"call","expression":{"__symbolic":"reference","module":"@angular/core","name":"Input","line":31,"character":3}}]}],"maxLength":[{"__symbolic":"property","decorators":[{"__symbolic":"call","expression":{"__symbolic":"reference","module":"@angular/core","name":"Input","line":45,"character":3}},{"__symbolic":"call","expression":{"__symbolic":"reference","module":"@delon/util","name":"InputNumber","line":45,"character":12}}]}],"excessItemsStyle":[{"__symbolic":"property","decorators":[{"__symbolic":"call","expression":{"__symbolic":"reference","module":"@angular/core","name":"Input","line":46,"character":3}}]}],"__ctor__":[{"__symbolic":"constructor","parameters":[{"__symbolic":"reference","module":"@angular/core","name":"ChangeDetectorRef","line":48,"character":27}]}],"gen":[{"__symbolic":"method"}],"ngAfterViewInit":[{"__symbolic":"method"}],"ngOnChanges":[{"__symbolic":"method"}]}},"AvatarListModule":{"__symbolic":"class","decorators":[{"__symbolic":"call","expression":{"__symbolic":"reference","module":"@angular/core","name":"NgModule","line":10,"character":1},"arguments":[{"imports":[{"__symbolic":"reference","module":"@angular/common","name":"CommonModule","line":11,"character":12},{"__symbolic":"reference","module":"ng-zorro-antd/avatar","name":"NzAvatarModule","line":11,"character":26},{"__symbolic":"reference","module":"ng-zorro-antd/tooltip","name":"NzToolTipModule","line":11,"character":42}],"declarations":[{"__symbolic":"reference","name":"AvatarListComponent"},{"__symbolic":"reference","name":"AvatarListItemComponent"}],"exports":[{"__symbolic":"reference","name":"AvatarListComponent"},{"__symbolic":"reference","name":"AvatarListItemComponent"}]}]}],"members":{}}},"origins":{"AvatarListItemComponent":"./avatar-list-item.component","AvatarListComponent":"./avatar-list.component","AvatarListModule":"./avatar-list.module"},"importAs":"@delon/abc/avatar-list"}