{"__symbolic":"module","version":4,"metadata":{"EllipsisComponent":{"__symbolic":"class","decorators":[{"__symbolic":"call","expression":{"__symbolic":"reference","module":"@angular/core","name":"Component","line":17,"character":1},"arguments":[{"selector":"ellipsis","exportAs":"ellipsis","changeDetection":{"__symbolic":"select","expression":{"__symbolic":"reference","module":"@angular/core","name":"ChangeDetectionStrategy","line":21,"character":19},"member":"OnPush"},"template":"<div (cdkObserveContent)=\"refresh()\"\n     #orgEl\n     style=\"display: none;\">\n  <ng-content></ng-content>\n</div>\n<ng-template #tooltipTpl\n             let-con>\n  <span *ngIf=\"tooltip; else con\"\n        nz-tooltip\n        [nzTitle]=\"titleTpl\"\n        [nzOverlayStyle]=\"{ 'overflow-wrap': 'break-word', 'word-wrap': 'break-word' }\">\n    <ng-container *ngTemplateOutlet=\"con\"></ng-container>\n    <ng-template #titleTpl>\n      <div [innerHTML]=\"orgHtml\"></div>\n    </ng-template>\n  </span>\n</ng-template>\n<ng-container [ngSwitch]=\"type\">\n  <span *ngSwitchCase=\"'default'\"\n        [ngClass]=\"cls\"></span>\n  <ng-container *ngSwitchCase=\"'length'\">\n    <ng-template [ngTemplateOutlet]=\"tooltipTpl\"\n                 [ngTemplateOutletContext]=\"{$implicit: lengthTpl}\"></ng-template>\n    <ng-template #lengthTpl>{{text}}</ng-template>\n  </ng-container>\n  <ng-container *ngSwitchCase=\"'line-clamp'\">\n    <ng-template [ngTemplateOutlet]=\"tooltipTpl\"\n                 [ngTemplateOutletContext]=\"{$implicit: lineClampTpl}\"></ng-template>\n    <ng-template #lineClampTpl>\n      <div [ngClass]=\"cls\"\n           [ngStyle]=\"{'-webkit-line-clamp': lines, '-webkit-box-orient': 'vertical'}\"></div>\n    </ng-template>\n  </ng-container>\n  <div *ngSwitchCase=\"'line'\"\n       [ngClass]=\"cls\">\n    <div class=\"ellipsis__handle\">\n      <ng-template [ngTemplateOutlet]=\"tooltipTpl\"\n                   [ngTemplateOutletContext]=\"{$implicit: lineTpl}\"></ng-template>\n      <ng-template #lineTpl>\n        {{ (targetCount > 0 ? text.substring(0, targetCount) : '') + (targetCount > 0 && targetCount < text.length\n          ?\n          tail\n          : ''\n          )\n          }}\n          </ng-template>\n          <div\n          class=\"ellipsis__shadow\"\n          #shadowOrgEl\n          [innerHTML]=\"orgHtml\">\n    </div>\n    <div class=\"ellipsis__shadow\"\n         #shadowTextEl><span>{{text}}</span></div>\n  </div>\n  </div>\n</ng-container>\n"}]}],"members":{"orgEl":[{"__symbolic":"property","decorators":[{"__symbolic":"call","expression":{"__symbolic":"reference","module":"@angular/core","name":"ViewChild","line":26,"character":3},"arguments":["orgEl"]}]}],"shadowOrgEl":[{"__symbolic":"property","decorators":[{"__symbolic":"call","expression":{"__symbolic":"reference","module":"@angular/core","name":"ViewChild","line":27,"character":3},"arguments":["shadowOrgEl"]}]}],"shadowTextEl":[{"__symbolic":"property","decorators":[{"__symbolic":"call","expression":{"__symbolic":"reference","module":"@angular/core","name":"ViewChild","line":28,"character":3},"arguments":["shadowTextEl"]}]}],"tooltip":[{"__symbolic":"property","decorators":[{"__symbolic":"call","expression":{"__symbolic":"reference","module":"@angular/core","name":"Input","line":38,"character":3}},{"__symbolic":"call","expression":{"__symbolic":"reference","module":"@delon/util","name":"InputBoolean","line":38,"character":12}}]}],"length":[{"__symbolic":"property","decorators":[{"__symbolic":"call","expression":{"__symbolic":"reference","module":"@angular/core","name":"Input","line":39,"character":3}},{"__symbolic":"call","expression":{"__symbolic":"reference","module":"@delon/util","name":"InputNumber","line":39,"character":12},"arguments":[null]}]}],"lines":[{"__symbolic":"property","decorators":[{"__symbolic":"call","expression":{"__symbolic":"reference","module":"@angular/core","name":"Input","line":40,"character":3}},{"__symbolic":"call","expression":{"__symbolic":"reference","module":"@delon/util","name":"InputNumber","line":40,"character":12},"arguments":[null]}]}],"fullWidthRecognition":[{"__symbolic":"property","decorators":[{"__symbolic":"call","expression":{"__symbolic":"reference","module":"@angular/core","name":"Input","line":41,"character":3}},{"__symbolic":"call","expression":{"__symbolic":"reference","module":"@delon/util","name":"InputBoolean","line":41,"character":12}}]}],"tail":[{"__symbolic":"property","decorators":[{"__symbolic":"call","expression":{"__symbolic":"reference","module":"@angular/core","name":"Input","line":42,"character":3}}]}],"__ctor__":[{"__symbolic":"constructor","parameterDecorators":[null,null,null,[{"__symbolic":"call","expression":{"__symbolic":"reference","module":"@angular/core","name":"Inject","line":50,"character":5},"arguments":[{"__symbolic":"reference","module":"@angular/common","name":"DOCUMENT","line":50,"character":12}]}],null],"parameters":[{"__symbolic":"reference","module":"@angular/core","name":"ElementRef","line":47,"character":16},{"__symbolic":"reference","module":"@angular/core","name":"NgZone","line":48,"character":20},{"__symbolic":"reference","module":"@angular/platform-browser","name":"DomSanitizer","line":49,"character":17},{"__symbolic":"error","message":"Could not resolve type","line":50,"character":35,"context":{"typeName":"Document"},"module":"./ellipsis.component"},{"__symbolic":"reference","module":"@angular/core","name":"ChangeDetectorRef","line":51,"character":17}]}],"getStrFullLength":[{"__symbolic":"method"}],"cutStrByFullLength":[{"__symbolic":"method"}],"bisection":[{"__symbolic":"method"}],"genType":[{"__symbolic":"method"}],"gen":[{"__symbolic":"method"}],"getEl":[{"__symbolic":"method"}],"executeOnStable":[{"__symbolic":"method"}],"refresh":[{"__symbolic":"method"}],"ngAfterViewInit":[{"__symbolic":"method"}],"ngOnChanges":[{"__symbolic":"method"}]}},"EllipsisModule":{"__symbolic":"class","decorators":[{"__symbolic":"call","expression":{"__symbolic":"reference","module":"@angular/core","name":"NgModule","line":10,"character":1},"arguments":[{"imports":[{"__symbolic":"reference","module":"@angular/common","name":"CommonModule","line":11,"character":12},{"__symbolic":"reference","module":"@angular/cdk/observers","name":"ObserversModule","line":11,"character":26},{"__symbolic":"reference","module":"@delon/util","name":"DelonUtilModule","line":11,"character":43},{"__symbolic":"reference","module":"ng-zorro-antd/tooltip","name":"NzToolTipModule","line":11,"character":60}],"declarations":[{"__symbolic":"reference","name":"EllipsisComponent"}],"exports":[{"__symbolic":"reference","name":"EllipsisComponent"}]}]}],"members":{}}},"origins":{"EllipsisComponent":"./ellipsis.component","EllipsisModule":"./ellipsis.module"},"importAs":"@delon/abc/ellipsis"}