{"__symbolic":"module","version":4,"metadata":{"ExceptionType":{"__symbolic":"interface"},"ExceptionComponent":{"__symbolic":"class","decorators":[{"__symbolic":"call","expression":{"__symbolic":"reference","module":"@angular/core","name":"Component","line":8,"character":1},"arguments":[{"selector":"exception","exportAs":"exception","host":{"[class.exception]":"true","$quoted$":["[class.exception]"]},"template":"<div class=\"exception__img-block\">\n  <div class=\"exception__img\"\n       [ngStyle]=\"{'background-image': 'url(' + _img + ')'}\"></div>\n</div>\n<div class=\"exception__cont\">\n  <h1 class=\"exception__cont-title\"\n      [innerHTML]=\"_title\"></h1>\n  <div class=\"exception__cont-desc\"\n       [innerHTML]=\"_desc || locale[_type]\"></div>\n  <div class=\"exception__cont-actions\">\n    <div (cdkObserveContent)=\"checkContent()\"\n         #conTpl>\n      <ng-content></ng-content>\n    </div>\n    <button *ngIf=\"!hasCon\"\n            nz-button\n            [routerLink]=\"['/']\"\n            [nzType]=\"'primary'\">{{locale.backToHome}}</button>\n  </div>\n</div>\n"}]}],"members":{"conTpl":[{"__symbolic":"property","decorators":[{"__symbolic":"call","expression":{"__symbolic":"reference","module":"@angular/core","name":"ViewChild","line":16,"character":3},"arguments":["conTpl"]}]}],"type":[{"__symbolic":"property","decorators":[{"__symbolic":"call","expression":{"__symbolic":"reference","module":"@angular/core","name":"Input","line":27,"character":3}}]}],"img":[{"__symbolic":"property","decorators":[{"__symbolic":"call","expression":{"__symbolic":"reference","module":"@angular/core","name":"Input","line":51,"character":3}}]}],"title":[{"__symbolic":"property","decorators":[{"__symbolic":"call","expression":{"__symbolic":"reference","module":"@angular/core","name":"Input","line":56,"character":3}}]}],"desc":[{"__symbolic":"property","decorators":[{"__symbolic":"call","expression":{"__symbolic":"reference","module":"@angular/core","name":"Input","line":61,"character":3}}]}],"checkContent":[{"__symbolic":"method"}],"__ctor__":[{"__symbolic":"constructor","parameters":[{"__symbolic":"reference","module":"@delon/theme","name":"DelonLocaleService","line":70,"character":28}]}],"ngOnInit":[{"__symbolic":"method"}],"ngOnDestroy":[{"__symbolic":"method"}]}},"ExceptionModule":{"__symbolic":"class","decorators":[{"__symbolic":"call","expression":{"__symbolic":"reference","module":"@angular/core","name":"NgModule","line":11,"character":1},"arguments":[{"imports":[{"__symbolic":"reference","module":"@angular/common","name":"CommonModule","line":12,"character":12},{"__symbolic":"reference","module":"@angular/router","name":"RouterModule","line":12,"character":26},{"__symbolic":"reference","module":"@delon/util","name":"DelonUtilModule","line":12,"character":40},{"__symbolic":"reference","module":"@delon/theme","name":"DelonLocaleModule","line":12,"character":57},{"__symbolic":"reference","module":"ng-zorro-antd/button","name":"NzButtonModule","line":12,"character":76}],"declarations":[{"__symbolic":"reference","name":"ExceptionComponent"}],"exports":[{"__symbolic":"reference","name":"ExceptionComponent"}]}]}],"members":{}}},"origins":{"ExceptionType":"./exception.component","ExceptionComponent":"./exception.component","ExceptionModule":"./exception.module"},"importAs":"@delon/abc/exception"}