{"__symbolic":"module","version":4,"metadata":{"FullContentComponent":{"__symbolic":"class","decorators":[{"__symbolic":"call","expression":{"__symbolic":"reference","module":"@angular/core","name":"Component","line":26,"character":1},"arguments":[{"selector":"full-content","exportAs":"fullContent","template":"\n    <ng-content></ng-content>\n  ","host":{"[class.full-content]":"true","[style.height.px]":"_height","$quoted$":["[class.full-content]","[style.height.px]"]},"changeDetection":{"__symbolic":"select","expression":{"__symbolic":"reference","module":"@angular/core","name":"ChangeDetectionStrategy","line":36,"character":19},"member":"OnPush"}}]}],"members":{"fullscreen":[{"__symbolic":"property","decorators":[{"__symbolic":"call","expression":{"__symbolic":"reference","module":"@angular/core","name":"Input","line":52,"character":3}},{"__symbolic":"call","expression":{"__symbolic":"reference","module":"@delon/util","name":"InputBoolean","line":52,"character":12}}]}],"hideTitle":[{"__symbolic":"property","decorators":[{"__symbolic":"call","expression":{"__symbolic":"reference","module":"@angular/core","name":"Input","line":53,"character":3}},{"__symbolic":"call","expression":{"__symbolic":"reference","module":"@delon/util","name":"InputBoolean","line":53,"character":12}}]}],"padding":[{"__symbolic":"property","decorators":[{"__symbolic":"call","expression":{"__symbolic":"reference","module":"@angular/core","name":"Input","line":54,"character":3}},{"__symbolic":"call","expression":{"__symbolic":"reference","module":"@delon/util","name":"InputNumber","line":54,"character":12}}]}],"fullscreenChange":[{"__symbolic":"property","decorators":[{"__symbolic":"call","expression":{"__symbolic":"reference","module":"@angular/core","name":"Output","line":55,"character":3}}]}],"__ctor__":[{"__symbolic":"constructor","parameterDecorators":[null,null,null,null,[{"__symbolic":"call","expression":{"__symbolic":"reference","module":"@angular/core","name":"Inject","line":64,"character":5},"arguments":[{"__symbolic":"reference","module":"@angular/common","name":"DOCUMENT","line":64,"character":12}]}]],"parameters":[{"__symbolic":"reference","module":"@angular/core","name":"ElementRef","line":60,"character":16},{"__symbolic":"reference","module":"@angular/core","name":"ChangeDetectorRef","line":61,"character":17},{"__symbolic":"reference","name":"FullContentService"},{"__symbolic":"reference","module":"@angular/router","name":"Router","line":63,"character":20},{"__symbolic":"reference","name":"any"}]}],"updateCls":[{"__symbolic":"method"}],"update":[{"__symbolic":"method"}],"updateHeight":[{"__symbolic":"method"}],"removeInBody":[{"__symbolic":"method"}],"ngOnInit":[{"__symbolic":"method"}],"toggle":[{"__symbolic":"method"}],"ngAfterViewInit":[{"__symbolic":"method"}],"ngOnChanges":[{"__symbolic":"method"}],"ngOnDestroy":[{"__symbolic":"method"}]}},"FullContentService":{"__symbolic":"class","decorators":[{"__symbolic":"call","expression":{"__symbolic":"reference","module":"@angular/core","name":"Injectable","line":4,"character":1},"arguments":[{"providedIn":"root"}]}],"members":{"toggle":[{"__symbolic":"method"}]},"statics":{"ngInjectableDef":{}}},"FullContentToggleDirective":{"__symbolic":"class","decorators":[{"__symbolic":"call","expression":{"__symbolic":"reference","module":"@angular/core","name":"Directive","line":3,"character":1},"arguments":[{"selector":"[full-toggle]","exportAs":"fullToggle","host":{"(click)":"_click()","$quoted$":["(click)"]}}]}],"members":{"__ctor__":[{"__symbolic":"constructor","parameters":[{"__symbolic":"reference","name":"FullContentComponent"}]}],"_click":[{"__symbolic":"method"}]}},"FullContentModule":{"__symbolic":"class","decorators":[{"__symbolic":"call","expression":{"__symbolic":"reference","module":"@angular/core","name":"NgModule","line":9,"character":1},"arguments":[{"imports":[{"__symbolic":"reference","module":"@angular/common","name":"CommonModule","line":10,"character":12},{"__symbolic":"reference","module":"@delon/util","name":"DelonUtilModule","line":10,"character":26}],"declarations":[{"__symbolic":"reference","name":"FullContentComponent"},{"__symbolic":"reference","name":"FullContentToggleDirective"}],"exports":[{"__symbolic":"reference","name":"FullContentComponent"},{"__symbolic":"reference","name":"FullContentToggleDirective"}]}]}],"members":{}}},"origins":{"FullContentComponent":"./full-content.component","FullContentService":"./full-content.service","FullContentToggleDirective":"./full-content-toggle.directive","FullContentModule":"./full-content.module"},"importAs":"@delon/abc/full-content"}