{"__symbolic":"module","version":4,"metadata":{"SEContainerComponent":{"__symbolic":"class","decorators":[{"__symbolic":"call","expression":{"__symbolic":"reference","module":"@angular/core","name":"Component","line":5,"character":1},"arguments":[{"selector":"se-container, [se-container]","exportAs":"seContainer","changeDetection":{"__symbolic":"select","expression":{"__symbolic":"reference","module":"@angular/core","name":"ChangeDetectionStrategy","line":9,"character":19},"member":"OnPush"},"template":"<div class=\"ant-row se__container se__{{nzLayout}} se__{{size}}\"\n     [ngStyle]=\"{'margin-left.px': -(gutter / 2), 'margin-right.px': -(gutter / 2)}\">\n  <se-title *ngIf=\"title\">\n    <ng-container *stringTemplateOutlet=\"title\">{{ title }}</ng-container>\n  </se-title>\n  <ng-content></ng-content>\n</div>\n"}]}],"members":{"colInCon":[{"__symbolic":"property","decorators":[{"__symbolic":"call","expression":{"__symbolic":"reference","module":"@angular/core","name":"Input","line":14,"character":3},"arguments":["se-container"]},{"__symbolic":"call","expression":{"__symbolic":"reference","module":"@delon/util","name":"InputNumber","line":14,"character":26},"arguments":[null]}]}],"col":[{"__symbolic":"property","decorators":[{"__symbolic":"call","expression":{"__symbolic":"reference","module":"@angular/core","name":"Input","line":15,"character":3}},{"__symbolic":"call","expression":{"__symbolic":"reference","module":"@delon/util","name":"InputNumber","line":15,"character":12},"arguments":[null]}]}],"labelWidth":[{"__symbolic":"property","decorators":[{"__symbolic":"call","expression":{"__symbolic":"reference","module":"@angular/core","name":"Input","line":16,"character":3}},{"__symbolic":"call","expression":{"__symbolic":"reference","module":"@delon/util","name":"InputNumber","line":16,"character":12},"arguments":[null]}]}],"title":[{"__symbolic":"property","decorators":[{"__symbolic":"call","expression":{"__symbolic":"reference","module":"@angular/core","name":"Input","line":17,"character":3}}]}],"gutter":[{"__symbolic":"property","decorators":[{"__symbolic":"call","expression":{"__symbolic":"reference","module":"@angular/core","name":"Input","line":19,"character":3}}]}],"nzLayout":[{"__symbolic":"property","decorators":[{"__symbolic":"call","expression":{"__symbolic":"reference","module":"@angular/core","name":"Input","line":28,"character":3}}]}],"size":[{"__symbolic":"property","decorators":[{"__symbolic":"call","expression":{"__symbolic":"reference","module":"@angular/core","name":"Input","line":40,"character":3}}]}],"firstVisual":[{"__symbolic":"property","decorators":[{"__symbolic":"call","expression":{"__symbolic":"reference","module":"@angular/core","name":"Input","line":41,"character":3}},{"__symbolic":"call","expression":{"__symbolic":"reference","module":"@delon/util","name":"InputBoolean","line":41,"character":12}}]}],"line":[{"__symbolic":"property","decorators":[{"__symbolic":"call","expression":{"__symbolic":"reference","module":"@angular/core","name":"Input","line":42,"character":3}},{"__symbolic":"call","expression":{"__symbolic":"reference","module":"@delon/util","name":"InputBoolean","line":42,"character":12}}]}],"__ctor__":[{"__symbolic":"constructor","parameters":[{"__symbolic":"reference","name":"SEConfig"}]}]}},"SEErrorComponent":{"__symbolic":"class","decorators":[{"__symbolic":"call","expression":{"__symbolic":"reference","module":"@angular/core","name":"Component","line":3,"character":1},"arguments":[{"selector":"se-error","exportAs":"seError","animations":[{"__symbolic":"call","expression":{"__symbolic":"reference","module":"@angular/animations","name":"trigger","line":7,"character":4},"arguments":["errorAnt",[{"__symbolic":"call","expression":{"__symbolic":"reference","module":"@angular/animations","name":"transition","line":8,"character":6},"arguments":["void => *",[{"__symbolic":"call","expression":{"__symbolic":"reference","module":"@angular/animations","name":"style","line":9,"character":8},"arguments":[{"opacity":0,"transform":"translateY(-5px)"}]},{"__symbolic":"call","expression":{"__symbolic":"reference","module":"@angular/animations","name":"animate","line":13,"character":8},"arguments":["0.3s cubic-bezier(0.645, 0.045, 0.355, 1)",{"__symbolic":"call","expression":{"__symbolic":"reference","module":"@angular/animations","name":"style","line":15,"character":10},"arguments":[{"opacity":1,"transform":"translateY(0)"}]}]}]]},{"__symbolic":"call","expression":{"__symbolic":"reference","module":"@angular/animations","name":"transition","line":21,"character":6},"arguments":["* => void",[{"__symbolic":"call","expression":{"__symbolic":"reference","module":"@angular/animations","name":"style","line":22,"character":8},"arguments":[{"opacity":1,"transform":"translateY(0)"}]},{"__symbolic":"call","expression":{"__symbolic":"reference","module":"@angular/animations","name":"animate","line":26,"character":8},"arguments":["0.3s cubic-bezier(0.645, 0.045, 0.355, 1)",{"__symbolic":"call","expression":{"__symbolic":"reference","module":"@angular/animations","name":"style","line":28,"character":10},"arguments":[{"opacity":0,"transform":"translateY(-5px)"}]}]}]]}]]}],"template":"\n    <div [@errorAnt]><ng-content></ng-content></div>\n  ","host":{"[class.ant-form-explain]":"true","$quoted$":["[class.ant-form-explain]"]},"changeDetection":{"__symbolic":"select","expression":{"__symbolic":"reference","module":"@angular/core","name":"ChangeDetectionStrategy","line":42,"character":19},"member":"OnPush"}}]}],"members":{}},"SETitleComponent":{"__symbolic":"class","decorators":[{"__symbolic":"call","expression":{"__symbolic":"reference","module":"@angular/core","name":"Component","line":3,"character":1},"arguments":[{"selector":"se-title, [se-title]","exportAs":"seTitle","template":"<ng-content></ng-content>","host":{"[class.se__title]":"true","$quoted$":["[class.se__title]"]},"changeDetection":{"__symbolic":"select","expression":{"__symbolic":"reference","module":"@angular/core","name":"ChangeDetectionStrategy","line":10,"character":19},"member":"OnPush"}}]}],"members":{"__ctor__":[{"__symbolic":"constructor","parameterDecorators":[[{"__symbolic":"call","expression":{"__symbolic":"reference","module":"@angular/core","name":"Host","line":15,"character":5}},{"__symbolic":"call","expression":{"__symbolic":"reference","module":"@angular/core","name":"Optional","line":16,"character":5}}],null,null],"parameters":[{"__symbolic":"reference","name":"SEContainerComponent"},{"__symbolic":"reference","module":"@angular/core","name":"ElementRef","line":18,"character":8},{"__symbolic":"reference","module":"@angular/core","name":"Renderer2","line":19,"character":17}]}],"setClass":[{"__symbolic":"method"}],"ngOnInit":[{"__symbolic":"method"}]}},"SEComponent":{"__symbolic":"class","decorators":[{"__symbolic":"call","expression":{"__symbolic":"reference","module":"@angular/core","name":"Component","line":28,"character":1},"arguments":[{"selector":"se","exportAs":"se","host":{"[style.padding-left.px]":"paddingValue","[style.padding-right.px]":"paddingValue","[class.ant-form-item-with-help]":"showErr","$quoted$":["[style.padding-left.px]","[style.padding-right.px]","[class.ant-form-item-with-help]"]},"changeDetection":{"__symbolic":"select","expression":{"__symbolic":"reference","module":"@angular/core","name":"ChangeDetectionStrategy","line":37,"character":19},"member":"OnPush"},"template":"<div class=\"ant-form-item-label se__label\"\n     [class.se__nolabel]=\"!label\"\n     [style.width.px]=\"_labelWidth\">\n  <label *ngIf=\"label\"\n         [attr.for]=\"_id\"\n         [ngClass]=\"{'ant-form-item-required': required}\">\n    <ng-container *stringTemplateOutlet=\"label\">{{ label }}</ng-container>\n    <span class=\"se__label-optional\">\n      {{ optional }}\n      <nz-tooltip *ngIf=\"optionalHelp\" [nzTitle]=\"optionalHelp\">\n        <i nz-tooltip nz-icon nzType=\"question-circle\"></i>\n      </nz-tooltip>\n    </span>\n  </label>\n</div>\n<div class=\"ant-form-item-control-wrapper se__control\">\n  <div class=\"ant-form-item-control {{controlClass}}\" [class.has-error]=\"invalid\">\n    <span (cdkObserveContent)=\"checkContent()\" #contentElement><ng-content></ng-content></span>\n    <se-error *ngIf=\"showErr\">{{error}}</se-error>\n    <div *ngIf=\"extra\" class=\"ant-form-extra\">{{extra}}</div>\n  </div>\n</div>\n"}]}],"members":{"ngModel":[{"__symbolic":"property","decorators":[{"__symbolic":"call","expression":{"__symbolic":"reference","module":"@angular/core","name":"ContentChild","line":42,"character":3},"arguments":[{"__symbolic":"reference","module":"@angular/forms","name":"NgModel","line":42,"character":16}]}]}],"formControlName":[{"__symbolic":"property","decorators":[{"__symbolic":"call","expression":{"__symbolic":"reference","module":"@angular/core","name":"ContentChild","line":43,"character":3},"arguments":[{"__symbolic":"reference","module":"@angular/forms","name":"FormControlName","line":43,"character":16}]}]}],"contentElement":[{"__symbolic":"property","decorators":[{"__symbolic":"call","expression":{"__symbolic":"reference","module":"@angular/core","name":"ViewChild","line":44,"character":3},"arguments":["contentElement"]}]}],"optional":[{"__symbolic":"property","decorators":[{"__symbolic":"call","expression":{"__symbolic":"reference","module":"@angular/core","name":"Input","line":53,"character":3}}]}],"optionalHelp":[{"__symbolic":"property","decorators":[{"__symbolic":"call","expression":{"__symbolic":"reference","module":"@angular/core","name":"Input","line":54,"character":3}}]}],"error":[{"__symbolic":"property","decorators":[{"__symbolic":"call","expression":{"__symbolic":"reference","module":"@angular/core","name":"Input","line":55,"character":3}}]}],"extra":[{"__symbolic":"property","decorators":[{"__symbolic":"call","expression":{"__symbolic":"reference","module":"@angular/core","name":"Input","line":56,"character":3}}]}],"label":[{"__symbolic":"property","decorators":[{"__symbolic":"call","expression":{"__symbolic":"reference","module":"@angular/core","name":"Input","line":57,"character":3}}]}],"col":[{"__symbolic":"property","decorators":[{"__symbolic":"call","expression":{"__symbolic":"reference","module":"@angular/core","name":"Input","line":58,"character":3}},{"__symbolic":"call","expression":{"__symbolic":"reference","module":"@delon/util","name":"InputNumber","line":58,"character":12},"arguments":[null]}]}],"required":[{"__symbolic":"property","decorators":[{"__symbolic":"call","expression":{"__symbolic":"reference","module":"@angular/core","name":"Input","line":59,"character":3}},{"__symbolic":"call","expression":{"__symbolic":"reference","module":"@delon/util","name":"InputBoolean","line":59,"character":12}}]}],"controlClass":[{"__symbolic":"property","decorators":[{"__symbolic":"call","expression":{"__symbolic":"reference","module":"@angular/core","name":"Input","line":60,"character":3}}]}],"line":[{"__symbolic":"property","decorators":[{"__symbolic":"call","expression":{"__symbolic":"reference","module":"@angular/core","name":"Input","line":61,"character":3}},{"__symbolic":"call","expression":{"__symbolic":"reference","module":"@delon/util","name":"InputBoolean","line":61,"character":12},"arguments":[null]}]}],"labelWidth":[{"__symbolic":"property","decorators":[{"__symbolic":"call","expression":{"__symbolic":"reference","module":"@angular/core","name":"Input","line":62,"character":3}},{"__symbolic":"call","expression":{"__symbolic":"reference","module":"@delon/util","name":"InputNumber","line":62,"character":12},"arguments":[null]}]}],"id":[{"__symbolic":"property","decorators":[{"__symbolic":"call","expression":{"__symbolic":"reference","module":"@angular/core","name":"Input","line":64,"character":3}}]}],"__ctor__":[{"__symbolic":"constructor","parameterDecorators":[null,[{"__symbolic":"call","expression":{"__symbolic":"reference","module":"@angular/core","name":"Optional","line":89,"character":5}},{"__symbolic":"call","expression":{"__symbolic":"reference","module":"@angular/core","name":"Host","line":89,"character":17}}],null,null,null],"parameters":[{"__symbolic":"reference","module":"@angular/core","name":"ElementRef","line":88,"character":8},{"__symbolic":"reference","name":"SEContainerComponent"},{"__symbolic":"reference","module":"@delon/theme","name":"ResponsiveService","line":90,"character":17},{"__symbolic":"reference","module":"@angular/core","name":"Renderer2","line":91,"character":17},{"__symbolic":"reference","module":"@angular/core","name":"ChangeDetectorRef","line":92,"character":17}]}],"setClass":[{"__symbolic":"method"}],"bindModel":[{"__symbolic":"method"}],"updateStatus":[{"__symbolic":"method"}],"checkContent":[{"__symbolic":"method"}],"ngAfterContentInit":[{"__symbolic":"method"}],"ngOnChanges":[{"__symbolic":"method"}],"ngAfterViewInit":[{"__symbolic":"method"}],"ngOnDestroy":[{"__symbolic":"method"}]}},"SEConfig":{"__symbolic":"class","decorators":[{"__symbolic":"call","expression":{"__symbolic":"reference","module":"@angular/core","name":"Injectable","line":2,"character":1},"arguments":[{"providedIn":"root"}]}],"members":{},"statics":{"ngInjectableDef":{}}},"SEModule":{"__symbolic":"class","decorators":[{"__symbolic":"call","expression":{"__symbolic":"reference","module":"@angular/core","name":"NgModule","line":12,"character":1},"arguments":[{"imports":[{"__symbolic":"reference","module":"@angular/common","name":"CommonModule","line":13,"character":12},{"__symbolic":"reference","module":"@delon/util","name":"DelonUtilModule","line":13,"character":26},{"__symbolic":"reference","module":"ng-zorro-antd/tooltip","name":"NzToolTipModule","line":13,"character":43}],"declarations":[{"__symbolic":"reference","name":"SEContainerComponent"},{"__symbolic":"reference","name":"SEComponent"},{"__symbolic":"reference","name":"SEErrorComponent"},{"__symbolic":"reference","name":"SETitleComponent"}],"exports":[{"__symbolic":"reference","name":"SEContainerComponent"},{"__symbolic":"reference","name":"SEComponent"},{"__symbolic":"reference","name":"SEErrorComponent"},{"__symbolic":"reference","name":"SETitleComponent"}]}]}],"members":{}}},"origins":{"SEContainerComponent":"./edit-container.component","SEErrorComponent":"./edit-error.component","SETitleComponent":"./edit-title.component","SEComponent":"./edit.component","SEConfig":"./edit.config","SEModule":"./edit.module"},"importAs":"@delon/abc/edit"}