{"__symbolic":"module","version":4,"metadata":{"SGContainerComponent":{"__symbolic":"class","decorators":[{"__symbolic":"call","expression":{"__symbolic":"reference","module":"@angular/core","name":"Component","line":5,"character":1},"arguments":[{"selector":"sg-container, [sg-container]","exportAs":"sgContainer","template":"\n    <ng-content></ng-content>\n  ","host":{"[style.margin-left.px]":"marginValue","[style.margin-right.px]":"marginValue","[class.ant-row]":"true","[class.sg__wrap]":"true","$quoted$":["[style.margin-left.px]","[style.margin-right.px]","[class.ant-row]","[class.sg__wrap]"]},"changeDetection":{"__symbolic":"select","expression":{"__symbolic":"reference","module":"@angular/core","name":"ChangeDetectionStrategy","line":17,"character":19},"member":"OnPush"}}]}],"members":{"gutter":[{"__symbolic":"property","decorators":[{"__symbolic":"call","expression":{"__symbolic":"reference","module":"@angular/core","name":"Input","line":22,"character":3}},{"__symbolic":"call","expression":{"__symbolic":"reference","module":"@delon/util","name":"InputNumber","line":22,"character":12}}]}],"colInCon":[{"__symbolic":"property","decorators":[{"__symbolic":"call","expression":{"__symbolic":"reference","module":"@angular/core","name":"Input","line":23,"character":3},"arguments":["sg-container"]},{"__symbolic":"call","expression":{"__symbolic":"reference","module":"@delon/util","name":"InputNumber","line":23,"character":26},"arguments":[null]}]}],"col":[{"__symbolic":"property","decorators":[{"__symbolic":"call","expression":{"__symbolic":"reference","module":"@angular/core","name":"Input","line":24,"character":3}},{"__symbolic":"call","expression":{"__symbolic":"reference","module":"@delon/util","name":"InputNumber","line":24,"character":12},"arguments":[null]}]}],"__ctor__":[{"__symbolic":"constructor","parameters":[{"__symbolic":"reference","name":"SGConfig"}]}]}},"SGComponent":{"__symbolic":"class","decorators":[{"__symbolic":"call","expression":{"__symbolic":"reference","module":"@angular/core","name":"Component","line":19,"character":1},"arguments":[{"selector":"sg","exportAs":"sg","template":"\n    <ng-content></ng-content>\n  ","host":{"[style.padding-left.px]":"paddingValue","[style.padding-right.px]":"paddingValue","$quoted$":["[style.padding-left.px]","[style.padding-right.px]"]},"changeDetection":{"__symbolic":"select","expression":{"__symbolic":"reference","module":"@angular/core","name":"ChangeDetectionStrategy","line":29,"character":19},"member":"OnPush"}}]}],"members":{"col":[{"__symbolic":"property","decorators":[{"__symbolic":"call","expression":{"__symbolic":"reference","module":"@angular/core","name":"Input","line":36,"character":3}},{"__symbolic":"call","expression":{"__symbolic":"reference","module":"@delon/util","name":"InputNumber","line":36,"character":12},"arguments":[null]}]}],"__ctor__":[{"__symbolic":"constructor","parameterDecorators":[null,null,[{"__symbolic":"call","expression":{"__symbolic":"reference","module":"@angular/core","name":"Optional","line":45,"character":5}},{"__symbolic":"call","expression":{"__symbolic":"reference","module":"@angular/core","name":"Host","line":45,"character":17}}],null],"parameters":[{"__symbolic":"reference","module":"@angular/core","name":"ElementRef","line":43,"character":8},{"__symbolic":"reference","module":"@angular/core","name":"Renderer2","line":44,"character":17},{"__symbolic":"reference","name":"SGContainerComponent"},{"__symbolic":"reference","module":"@delon/theme","name":"ResponsiveService","line":46,"character":17}]}],"setClass":[{"__symbolic":"method"}],"ngOnChanges":[{"__symbolic":"method"}],"ngAfterViewInit":[{"__symbolic":"method"}]}},"SGConfig":{"__symbolic":"class","decorators":[{"__symbolic":"call","expression":{"__symbolic":"reference","module":"@angular/core","name":"Injectable","line":2,"character":1},"arguments":[{"providedIn":"root"}]}],"members":{},"statics":{"ngInjectableDef":{}}},"SGModule":{"__symbolic":"class","decorators":[{"__symbolic":"call","expression":{"__symbolic":"reference","module":"@angular/core","name":"NgModule","line":9,"character":1},"arguments":[{"imports":[{"__symbolic":"reference","module":"@angular/common","name":"CommonModule","line":10,"character":12},{"__symbolic":"reference","module":"@delon/util","name":"DelonUtilModule","line":10,"character":26}],"declarations":[{"__symbolic":"reference","name":"SGContainerComponent"},{"__symbolic":"reference","name":"SGComponent"}],"exports":[{"__symbolic":"reference","name":"SGContainerComponent"},{"__symbolic":"reference","name":"SGComponent"}]}]}],"members":{}}},"origins":{"SGContainerComponent":"./grid-container.component","SGComponent":"./grid.component","SGConfig":"./grid.config","SGModule":"./grid.module"},"importAs":"@delon/abc/grid"}