{"__symbolic":"module","version":4,"metadata":{"CountDownComponent":{"__symbolic":"class","decorators":[{"__symbolic":"call","expression":{"__symbolic":"reference","module":"@angular/core","name":"Component","line":4,"character":1},"arguments":[{"selector":"count-down","exportAs":"countDown","template":"\n    <countdown\n      *ngIf=\"config\"\n      [config]=\"config\"\n      (start)=\"_start()\"\n      (finished)=\"_finished()\"\n      (notify)=\"_notify($event)\"\n    ></countdown>\n  "}]}],"members":{"config":[{"__symbolic":"property","decorators":[{"__symbolic":"call","expression":{"__symbolic":"reference","module":"@angular/core","name":"Input","line":18,"character":3}}]}],"target":[{"__symbolic":"property","decorators":[{"__symbolic":"call","expression":{"__symbolic":"reference","module":"@angular/core","name":"Input","line":23,"character":3}}]}],"begin":[{"__symbolic":"property","decorators":[{"__symbolic":"call","expression":{"__symbolic":"reference","module":"@angular/core","name":"Output","line":31,"character":3}}]}],"notify":[{"__symbolic":"property","decorators":[{"__symbolic":"call","expression":{"__symbolic":"reference","module":"@angular/core","name":"Output","line":32,"character":3}}]}],"end":[{"__symbolic":"property","decorators":[{"__symbolic":"call","expression":{"__symbolic":"reference","module":"@angular/core","name":"Output","line":33,"character":3}}]}],"_start":[{"__symbolic":"method"}],"_notify":[{"__symbolic":"method"}],"_finished":[{"__symbolic":"method"}]}},"CountDownModule":{"__symbolic":"class","decorators":[{"__symbolic":"call","expression":{"__symbolic":"reference","module":"@angular/core","name":"NgModule","line":8,"character":1},"arguments":[{"imports":[{"__symbolic":"reference","module":"@angular/common","name":"CommonModule","line":9,"character":12},{"__symbolic":"reference","module":"ngx-countdown","name":"CountdownModule","line":9,"character":26}],"declarations":[{"__symbolic":"reference","name":"CountDownComponent"}],"exports":[{"__symbolic":"reference","name":"CountDownComponent"}]}]}],"members":{}}},"origins":{"CountDownComponent":"./count-down.component","CountDownModule":"./count-down.module"},"importAs":"@delon/abc/count-down"}