{"__symbolic":"module","version":4,"metadata":{"GlobalFooterLink":{"__symbolic":"interface"},"GlobalFooterComponent":{"__symbolic":"class","decorators":[{"__symbolic":"call","expression":{"__symbolic":"reference","module":"@angular/core","name":"Component","line":7,"character":1},"arguments":[{"selector":"global-footer","exportAs":"globalFooter","host":{"[class.global-footer]":"true","$quoted$":["[class.global-footer]"]},"changeDetection":{"__symbolic":"select","expression":{"__symbolic":"reference","module":"@angular/core","name":"ChangeDetectionStrategy","line":12,"character":19},"member":"OnPush"},"template":"<div *ngIf=\"links.length > 0 || items.length > 0\" class=\"global-footer__links\">\n  <a *ngFor=\"let i of links\" class=\"global-footer__links-item\" (click)=\"to(i)\" [innerHTML]=\"i.title\"></a>\n  <a *ngFor=\"let i of items\" class=\"global-footer__links-item\" (click)=\"to(i)\">\n    <ng-container *ngTemplateOutlet=\"i.host\"></ng-container>\n  </a>\n</div>\n<div class=\"global-footer__copyright\">\n  <ng-content></ng-content>\n</div>\n"}]}],"members":{"links":[{"__symbolic":"property","decorators":[{"__symbolic":"call","expression":{"__symbolic":"reference","module":"@angular/core","name":"Input","line":15,"character":3}}]}],"items":[{"__symbolic":"property","decorators":[{"__symbolic":"call","expression":{"__symbolic":"reference","module":"@angular/core","name":"ContentChildren","line":18,"character":3},"arguments":[{"__symbolic":"reference","name":"GlobalFooterItemComponent"}]}]}],"__ctor__":[{"__symbolic":"constructor","parameterDecorators":[null,[{"__symbolic":"call","expression":{"__symbolic":"reference","module":"@angular/core","name":"Inject","line":21,"character":39},"arguments":[{"__symbolic":"reference","module":"@delon/theme","name":"WINDOW","line":21,"character":46}]}]],"parameters":[{"__symbolic":"reference","module":"@angular/router","name":"Router","line":21,"character":30},{"__symbolic":"error","message":"Could not resolve type","line":21,"character":67,"context":{"typeName":"Window"},"module":"./global-footer.component"}]}],"to":[{"__symbolic":"method"}]}},"GlobalFooterItemComponent":{"__symbolic":"class","decorators":[{"__symbolic":"call","expression":{"__symbolic":"reference","module":"@angular/core","name":"Component","line":3,"character":1},"arguments":[{"selector":"global-footer-item","exportAs":"globalFooterItem","template":"\n    <ng-template #host><ng-content></ng-content></ng-template>\n  "}]}],"members":{"host":[{"__symbolic":"property","decorators":[{"__symbolic":"call","expression":{"__symbolic":"reference","module":"@angular/core","name":"ViewChild","line":11,"character":3},"arguments":["host"]}]}],"href":[{"__symbolic":"property","decorators":[{"__symbolic":"call","expression":{"__symbolic":"reference","module":"@angular/core","name":"Input","line":14,"character":3}}]}],"blankTarget":[{"__symbolic":"property","decorators":[{"__symbolic":"call","expression":{"__symbolic":"reference","module":"@angular/core","name":"Input","line":15,"character":3}},{"__symbolic":"call","expression":{"__symbolic":"reference","module":"@delon/util","name":"InputBoolean","line":15,"character":12}}]}]}},"GlobalFooterModule":{"__symbolic":"class","decorators":[{"__symbolic":"call","expression":{"__symbolic":"reference","module":"@angular/core","name":"NgModule","line":10,"character":1},"arguments":[{"imports":[{"__symbolic":"reference","module":"@angular/common","name":"CommonModule","line":11,"character":12},{"__symbolic":"reference","module":"@angular/router","name":"RouterModule","line":11,"character":26},{"__symbolic":"reference","module":"@delon/util","name":"DelonUtilModule","line":11,"character":40}],"declarations":[{"__symbolic":"reference","name":"GlobalFooterComponent"},{"__symbolic":"reference","name":"GlobalFooterItemComponent"}],"exports":[{"__symbolic":"reference","name":"GlobalFooterComponent"},{"__symbolic":"reference","name":"GlobalFooterItemComponent"}]}]}],"members":{}}},"origins":{"GlobalFooterLink":"./global-footer.types","GlobalFooterComponent":"./global-footer.component","GlobalFooterItemComponent":"./global-footer-item.component","GlobalFooterModule":"./global-footer.module"},"importAs":"@delon/abc/global-footer"}