{"__symbolic":"module","version":4,"metadata":{"FooterToolbarComponent":{"__symbolic":"class","decorators":[{"__symbolic":"call","expression":{"__symbolic":"reference","module":"@angular/core","name":"Component","line":16,"character":1},"arguments":[{"selector":"footer-toolbar","exportAs":"footerToolbar","changeDetection":{"__symbolic":"select","expression":{"__symbolic":"reference","module":"@angular/core","name":"ChangeDetectionStrategy","line":20,"character":19},"member":"OnPush"},"template":"<div class=\"footer-toolbar__left\">\n  <ng-container *stringTemplateOutlet=\"extra\">{{ extra }}</ng-container>\n</div>\n<div class=\"footer-toolbar__right\">\n  <error-collect *ngIf=\"errorCollect\"></error-collect>\n  <ng-content></ng-content>\n</div>\n"}]}],"members":{"errorCollect":[{"__symbolic":"property","decorators":[{"__symbolic":"call","expression":{"__symbolic":"reference","module":"@angular/core","name":"Input","line":23,"character":3}},{"__symbolic":"call","expression":{"__symbolic":"reference","module":"@delon/util","name":"InputBoolean","line":23,"character":12}}]}],"extra":[{"__symbolic":"property","decorators":[{"__symbolic":"call","expression":{"__symbolic":"reference","module":"@angular/core","name":"Input","line":24,"character":3}}]}],"__ctor__":[{"__symbolic":"constructor","parameterDecorators":[null,null,[{"__symbolic":"call","expression":{"__symbolic":"reference","module":"@angular/core","name":"Inject","line":26,"character":68},"arguments":[{"__symbolic":"reference","module":"@angular/common","name":"DOCUMENT","line":26,"character":75}]}]],"parameters":[{"__symbolic":"reference","module":"@angular/core","name":"ElementRef","line":26,"character":26},{"__symbolic":"reference","module":"@angular/core","name":"Renderer2","line":26,"character":56},{"__symbolic":"reference","name":"any"}]}],"ngOnInit":[{"__symbolic":"method"}],"ngOnDestroy":[{"__symbolic":"method"}]}},"FooterToolbarModule":{"__symbolic":"class","decorators":[{"__symbolic":"call","expression":{"__symbolic":"reference","module":"@angular/core","name":"NgModule","line":10,"character":1},"arguments":[{"imports":[{"__symbolic":"reference","module":"@angular/common","name":"CommonModule","line":11,"character":12},{"__symbolic":"reference","module":"@delon/abc/error-collect","name":"ErrorCollectModule","line":11,"character":26},{"__symbolic":"reference","module":"@delon/util","name":"DelonUtilModule","line":11,"character":46}],"declarations":[{"__symbolic":"reference","name":"FooterToolbarComponent"}],"exports":[{"__symbolic":"reference","name":"FooterToolbarComponent"}]}]}],"members":{}}},"origins":{"FooterToolbarComponent":"./footer-toolbar.component","FooterToolbarModule":"./footer-toolbar.module"},"importAs":"@delon/abc/footer-toolbar"}