{"__symbolic":"module","version":4,"metadata":{"DownFileDirective":{"__symbolic":"class","decorators":[{"__symbolic":"call","expression":{"__symbolic":"reference","module":"@angular/core","name":"Directive","line":5,"character":1},"arguments":[{"selector":"[down-file]","exportAs":"downFile","host":{"(click)":"_click()","$quoted$":["(click)"]}}]}],"members":{"httpData":[{"__symbolic":"property","decorators":[{"__symbolic":"call","expression":{"__symbolic":"reference","module":"@angular/core","name":"Input","line":14,"character":3},"arguments":["http-data"]}]}],"httpMethod":[{"__symbolic":"property","decorators":[{"__symbolic":"call","expression":{"__symbolic":"reference","module":"@angular/core","name":"Input","line":16,"character":3},"arguments":["http-method"]}]}],"httpUrl":[{"__symbolic":"property","decorators":[{"__symbolic":"call","expression":{"__symbolic":"reference","module":"@angular/core","name":"Input","line":18,"character":3},"arguments":["http-url"]}]}],"fileName":[{"__symbolic":"property","decorators":[{"__symbolic":"call","expression":{"__symbolic":"reference","module":"@angular/core","name":"Input","line":20,"character":3},"arguments":["file-name"]}]}],"success":[{"__symbolic":"property","decorators":[{"__symbolic":"call","expression":{"__symbolic":"reference","module":"@angular/core","name":"Output","line":22,"character":3}}]}],"error":[{"__symbolic":"property","decorators":[{"__symbolic":"call","expression":{"__symbolic":"reference","module":"@angular/core","name":"Output","line":24,"character":3}}]}],"getDisposition":[{"__symbolic":"method"}],"__ctor__":[{"__symbolic":"constructor","parameters":[{"__symbolic":"reference","module":"@angular/core","name":"ElementRef","line":40,"character":26},{"__symbolic":"reference","module":"@delon/theme","name":"_HttpClient","line":40,"character":53}]}],"_click":[{"__symbolic":"method"}]}},"DownFileModule":{"__symbolic":"class","decorators":[{"__symbolic":"call","expression":{"__symbolic":"reference","module":"@angular/core","name":"NgModule","line":8,"character":1},"arguments":[{"imports":[{"__symbolic":"reference","module":"@angular/common","name":"CommonModule","line":9,"character":12},{"__symbolic":"reference","module":"@delon/theme","name":"AlainThemeModule","line":9,"character":26}],"declarations":[{"__symbolic":"reference","name":"DownFileDirective"}],"exports":[{"__symbolic":"reference","name":"DownFileDirective"}]}]}],"members":{}}},"origins":{"DownFileDirective":"./down-file.directive","DownFileModule":"./down-file.module"},"importAs":"@delon/abc/down-file"}