{"__symbolic":"module","version":4,"metadata":{"ImageDirective":{"__symbolic":"class","decorators":[{"__symbolic":"call","expression":{"__symbolic":"reference","module":"@angular/core","name":"Directive","line":11,"character":1},"arguments":[{"selector":"[_src]","exportAs":"_src"}]}],"members":{"src":[{"__symbolic":"property","decorators":[{"__symbolic":"call","expression":{"__symbolic":"reference","module":"@angular/core","name":"Input","line":16,"character":3},"arguments":["_src"]}]}],"size":[{"__symbolic":"property","decorators":[{"__symbolic":"call","expression":{"__symbolic":"reference","module":"@angular/core","name":"Input","line":17,"character":3}},{"__symbolic":"call","expression":{"__symbolic":"reference","module":"@delon/util","name":"InputNumber","line":17,"character":12}}]}],"error":[{"__symbolic":"property","decorators":[{"__symbolic":"call","expression":{"__symbolic":"reference","module":"@angular/core","name":"Input","line":18,"character":3}}]}],"__ctor__":[{"__symbolic":"constructor","parameters":[{"__symbolic":"reference","name":"ImageConfig"},{"__symbolic":"reference","module":"@angular/core","name":"ElementRef","line":22,"character":44},{"__symbolic":"reference","module":"@angular/core","name":"Renderer2","line":22,"character":72}]}],"ngOnInit":[{"__symbolic":"method"}],"ngOnChanges":[{"__symbolic":"method"}],"update":[{"__symbolic":"method"}],"updateError":[{"__symbolic":"method"}]}},"ImageConfig":{"__symbolic":"class","decorators":[{"__symbolic":"call","expression":{"__symbolic":"reference","module":"@angular/core","name":"Injectable","line":2,"character":1},"arguments":[{"providedIn":"root"}]}],"members":{},"statics":{"ngInjectableDef":{}}},"ImageModule":{"__symbolic":"class","decorators":[{"__symbolic":"call","expression":{"__symbolic":"reference","module":"@angular/core","name":"NgModule","line":8,"character":1},"arguments":[{"imports":[{"__symbolic":"reference","module":"@angular/common","name":"CommonModule","line":9,"character":12},{"__symbolic":"reference","module":"@delon/util","name":"DelonUtilModule","line":9,"character":26}],"declarations":[{"__symbolic":"reference","name":"ImageDirective"}],"exports":[{"__symbolic":"reference","name":"ImageDirective"}]}]}],"members":{}}},"origins":{"ImageDirective":"./image.directive","ImageConfig":"./image.config","ImageModule":"./image.module"},"importAs":"@delon/abc/image"}