{"__symbolic":"module","version":4,"metadata":{"RangePickerComponent":{"__symbolic":"class","decorators":[{"__symbolic":"call","expression":{"__symbolic":"reference","module":"@angular/core","name":"Component","line":10,"character":1},"arguments":[{"selector":"range-picker","exportAs":"rangePicker","providers":[{"provide":{"__symbolic":"reference","module":"@angular/forms","name":"NG_VALUE_ACCESSOR","line":16,"character":15},"multi":true,"useExisting":{"__symbolic":"reference","name":"RangePickerComponent"}}],"template":"<nz-range-picker #comp\n                 [ngModel]=\"value\"\n                 (ngModelChange)=\"valueChange($event)\"\n                 [nzAllowClear]=\"nzAllowClear\"\n                 [nzAutoFocus]=\"nzAutoFocus\"\n                 [nzClassName]=\"nzClassName\"\n                 [nzDisabled]=\"nzDisabled\"\n                 [nzSize]=\"nzSize\"\n                 [nzDisabledDate]=\"nzDisabledDate\"\n                 [nzLocale]=\"nzLocale\"\n                 [nzPopupStyle]=\"nzPopupStyle\"\n                 [nzDropdownClassName]=\"nzDropdownClassName\"\n                 [nzStyle]=\"nzStyle\"\n                 [nzPlaceHolder]=\"nzPlaceHolder\"\n                 (nzOnOpenChange)=\"_nzOnOpenChange($event)\"\n                 [nzDateRender]=\"nzDateRender\"\n                 [nzDisabledTime]=\"nzDisabledTime\"\n                 [nzFormat]=\"nzFormat\"\n                 [nzRenderExtraFooter]=\"nzRenderExtraFooter || (shortcut?.enabled ? shortcutTpl : null)\"\n                 [nzShowTime]=\"nzShowTime\"\n                 [nzShowToday]=\"nzShowToday\"\n                 [nzMode]=\"nzMode\"\n                 [nzRanges]=\"nzRanges\"\n                 (nzOnPanelChange)=\"_nzOnPanelChange($event)\"\n                 (nzOnOk)=\"_nzOnOk($event)\"></nz-range-picker>\n<ng-template #shortcutTpl>\n  <a *ngFor=\"let i of shortcut.list;let first=first\"\n     (click)=\"clickShortcut(i)\"\n     [innerHTML]=\"i.text\"\n     [ngClass]=\"{'ml-sm': !first}\"></a>\n</ng-template>\n"}]}],"members":{"comp":[{"__symbolic":"property","decorators":[{"__symbolic":"call","expression":{"__symbolic":"reference","module":"@angular/core","name":"ViewChild","line":27,"character":3},"arguments":["comp"]}]}],"ngModelEnd":[{"__symbolic":"property","decorators":[{"__symbolic":"call","expression":{"__symbolic":"reference","module":"@angular/core","name":"Input","line":30,"character":3}}]}],"shortcut":[{"__symbolic":"property","decorators":[{"__symbolic":"call","expression":{"__symbolic":"reference","module":"@angular/core","name":"Input","line":31,"character":3}}]}],"ngModelEndChange":[{"__symbolic":"property","decorators":[{"__symbolic":"call","expression":{"__symbolic":"reference","module":"@angular/core","name":"Output","line":42,"character":3}}]}],"nzAllowClear":[{"__symbolic":"property","decorators":[{"__symbolic":"call","expression":{"__symbolic":"reference","module":"@angular/core","name":"Input","line":46,"character":3}}]}],"nzAutoFocus":[{"__symbolic":"property","decorators":[{"__symbolic":"call","expression":{"__symbolic":"reference","module":"@angular/core","name":"Input","line":47,"character":3}}]}],"nzClassName":[{"__symbolic":"property","decorators":[{"__symbolic":"call","expression":{"__symbolic":"reference","module":"@angular/core","name":"Input","line":48,"character":3}}]}],"nzDisabled":[{"__symbolic":"property","decorators":[{"__symbolic":"call","expression":{"__symbolic":"reference","module":"@angular/core","name":"Input","line":49,"character":3}}]}],"nzSize":[{"__symbolic":"property","decorators":[{"__symbolic":"call","expression":{"__symbolic":"reference","module":"@angular/core","name":"Input","line":50,"character":3}}]}],"nzStyle":[{"__symbolic":"property","decorators":[{"__symbolic":"call","expression":{"__symbolic":"reference","module":"@angular/core","name":"Input","line":51,"character":3}}]}],"nzDisabledDate":[{"__symbolic":"property","decorators":[{"__symbolic":"call","expression":{"__symbolic":"reference","module":"@angular/core","name":"Input","line":52,"character":3}}]}],"nzLocale":[{"__symbolic":"property","decorators":[{"__symbolic":"call","expression":{"__symbolic":"reference","module":"@angular/core","name":"Input","line":53,"character":3}}]}],"nzPopupStyle":[{"__symbolic":"property","decorators":[{"__symbolic":"call","expression":{"__symbolic":"reference","module":"@angular/core","name":"Input","line":54,"character":3}}]}],"nzDropdownClassName":[{"__symbolic":"property","decorators":[{"__symbolic":"call","expression":{"__symbolic":"reference","module":"@angular/core","name":"Input","line":55,"character":3}}]}],"nzPlaceHolder":[{"__symbolic":"property","decorators":[{"__symbolic":"call","expression":{"__symbolic":"reference","module":"@angular/core","name":"Input","line":56,"character":3}}]}],"nzOnOpenChange":[{"__symbolic":"property","decorators":[{"__symbolic":"call","expression":{"__symbolic":"reference","module":"@angular/core","name":"Output","line":57,"character":3}}]}],"nzDateRender":[{"__symbolic":"property","decorators":[{"__symbolic":"call","expression":{"__symbolic":"reference","module":"@angular/core","name":"Input","line":60,"character":3}}]}],"nzFormat":[{"__symbolic":"property","decorators":[{"__symbolic":"call","expression":{"__symbolic":"reference","module":"@angular/core","name":"Input","line":61,"character":3}}]}],"nzDisabledTime":[{"__symbolic":"property","decorators":[{"__symbolic":"call","expression":{"__symbolic":"reference","module":"@angular/core","name":"Input","line":62,"character":3}}]}],"nzRenderExtraFooter":[{"__symbolic":"property","decorators":[{"__symbolic":"call","expression":{"__symbolic":"reference","module":"@angular/core","name":"Input","line":63,"character":3}}]}],"nzShowTime":[{"__symbolic":"property","decorators":[{"__symbolic":"call","expression":{"__symbolic":"reference","module":"@angular/core","name":"Input","line":64,"character":3}}]}],"nzShowToday":[{"__symbolic":"property","decorators":[{"__symbolic":"call","expression":{"__symbolic":"reference","module":"@angular/core","name":"Input","line":65,"character":3}},{"__symbolic":"call","expression":{"__symbolic":"reference","module":"@delon/util","name":"InputBoolean","line":65,"character":12}}]}],"nzMode":[{"__symbolic":"property","decorators":[{"__symbolic":"call","expression":{"__symbolic":"reference","module":"@angular/core","name":"Input","line":66,"character":3}}]}],"nzRanges":[{"__symbolic":"property","decorators":[{"__symbolic":"call","expression":{"__symbolic":"reference","module":"@angular/core","name":"Input","line":67,"character":3}}]}],"nzOnPanelChange":[{"__symbolic":"property","decorators":[{"__symbolic":"call","expression":{"__symbolic":"reference","module":"@angular/core","name":"Output","line":68,"character":3}}]}],"nzOnOk":[{"__symbolic":"property","decorators":[{"__symbolic":"call","expression":{"__symbolic":"reference","module":"@angular/core","name":"Output","line":69,"character":3}}]}],"__ctor__":[{"__symbolic":"constructor","parameters":[{"__symbolic":"reference","name":"DatePickerConfig"}]}],"_nzOnOpenChange":[{"__symbolic":"method"}],"_nzOnPanelChange":[{"__symbolic":"method"}],"_nzOnOk":[{"__symbolic":"method"}],"valueChange":[{"__symbolic":"method"}],"writeValue":[{"__symbolic":"method"}],"registerOnChange":[{"__symbolic":"method"}],"registerOnTouched":[{"__symbolic":"method"}],"setDisabledState":[{"__symbolic":"method"}],"clickShortcut":[{"__symbolic":"method"}]}},"DateRangePickerConfig":{"__symbolic":"class","members":{}},"DateRangePickerShortcut":{"__symbolic":"interface"},"DateRangePickerShortcutItem":{"__symbolic":"interface"},"DatePickerConfig":{"__symbolic":"class","decorators":[{"__symbolic":"call","expression":{"__symbolic":"reference","module":"@angular/core","name":"Injectable","line":74,"character":1},"arguments":[{"providedIn":"root"}]}],"members":{},"statics":{"ngInjectableDef":{}}},"DatePickerModule":{"__symbolic":"class","decorators":[{"__symbolic":"call","expression":{"__symbolic":"reference","module":"@angular/core","name":"NgModule","line":9,"character":1},"arguments":[{"imports":[{"__symbolic":"reference","module":"@angular/common","name":"CommonModule","line":10,"character":12},{"__symbolic":"reference","module":"@angular/forms","name":"FormsModule","line":10,"character":26},{"__symbolic":"reference","module":"ng-zorro-antd/date-picker","name":"NzDatePickerModule","line":10,"character":39}],"declarations":[{"__symbolic":"reference","name":"RangePickerComponent"}],"exports":[{"__symbolic":"reference","name":"RangePickerComponent"}]}]}],"members":{}}},"origins":{"RangePickerComponent":"./range.component","DateRangePickerConfig":"./date-picker.config","DateRangePickerShortcut":"./date-picker.config","DateRangePickerShortcutItem":"./date-picker.config","DatePickerConfig":"./date-picker.config","DatePickerModule":"./date-picker.module"},"importAs":"@delon/abc/date-picker"}