{"__symbolic":"module","version":4,"exports":[{"from":"@delon/abc/avatar-list"},{"from":"@delon/abc/count-down"},{"from":"@delon/abc/table"},{"from":"@delon/abc/view"},{"from":"@delon/abc/edit"},{"from":"@delon/abc/grid"},{"from":"@delon/abc/error-collect"},{"from":"@delon/abc/footer-toolbar"},{"from":"@delon/abc/sidebar-nav"},{"from":"@delon/abc/down-file"},{"from":"@delon/abc/image"},{"from":"@delon/abc/ellipsis"},{"from":"@delon/abc/global-footer"},{"from":"@delon/abc/exception"},{"from":"@delon/abc/notice-icon"},{"from":"@delon/abc/page-header"},{"from":"@delon/abc/result"},{"from":"@delon/abc/tag-select"},{"from":"@delon/abc/reuse-tab"},{"from":"@delon/abc/full-content"},{"from":"@delon/abc/xlsx"},{"from":"@delon/abc/zip"},{"from":"@delon/abc/number-to-chinese"},{"from":"@delon/abc/lodop"},{"from":"@delon/abc/quick-menu"},{"from":"@delon/abc/qr"},{"from":"@delon/abc/date-picker"}],"metadata":{"DelonABCModule":{"__symbolic":"class","decorators":[{"__symbolic":"call","expression":{"__symbolic":"reference","module":"@angular/core","name":"NgModule","line":61,"character":1},"arguments":[{"exports":[{"__symbolic":"reference","module":"@delon/abc/error-collect","name":"ErrorCollectModule","line":32,"character":2},{"__symbolic":"reference","module":"@delon/abc/footer-toolbar","name":"FooterToolbarModule","line":33,"character":2},{"__symbolic":"reference","module":"@delon/abc/sidebar-nav","name":"SidebarNavModule","line":34,"character":2},{"__symbolic":"reference","module":"@delon/abc/down-file","name":"DownFileModule","line":35,"character":2},{"__symbolic":"reference","module":"@delon/abc/image","name":"ImageModule","line":36,"character":2},{"__symbolic":"reference","module":"@delon/abc/avatar-list","name":"AvatarListModule","line":37,"character":2},{"__symbolic":"reference","module":"@delon/abc/ellipsis","name":"EllipsisModule","line":38,"character":2},{"__symbolic":"reference","module":"@delon/abc/global-footer","name":"GlobalFooterModule","line":39,"character":2},{"__symbolic":"reference","module":"@delon/abc/exception","name":"ExceptionModule","line":40,"character":2},{"__symbolic":"reference","module":"@delon/abc/notice-icon","name":"NoticeIconModule","line":41,"character":2},{"__symbolic":"reference","module":"@delon/abc/page-header","name":"PageHeaderModule","line":42,"character":2},{"__symbolic":"reference","module":"@delon/abc/result","name":"ResultModule","line":43,"character":2},{"__symbolic":"reference","module":"@delon/abc/tag-select","name":"TagSelectModule","line":44,"character":2},{"__symbolic":"reference","module":"@delon/abc/count-down","name":"CountDownModule","line":45,"character":2},{"__symbolic":"reference","module":"@delon/abc/table","name":"STModule","line":46,"character":2},{"__symbolic":"reference","module":"@delon/abc/reuse-tab","name":"ReuseTabModule","line":47,"character":2},{"__symbolic":"reference","module":"@delon/abc/full-content","name":"FullContentModule","line":48,"character":2},{"__symbolic":"reference","module":"@delon/abc/xlsx","name":"XlsxModule","line":49,"character":2},{"__symbolic":"reference","module":"@delon/abc/zip","name":"ZipModule","line":50,"character":2},{"__symbolic":"reference","module":"@delon/abc/number-to-chinese","name":"NumberToChineseModule","line":51,"character":2},{"__symbolic":"reference","module":"@delon/abc/lodop","name":"LodopModule","line":52,"character":2},{"__symbolic":"reference","module":"@delon/abc/quick-menu","name":"QuickMenuModule","line":53,"character":2},{"__symbolic":"reference","module":"@delon/abc/qr","name":"QRModule","line":54,"character":2},{"__symbolic":"reference","module":"@delon/abc/view","name":"SVModule","line":55,"character":2},{"__symbolic":"reference","module":"@delon/abc/edit","name":"SEModule","line":56,"character":2},{"__symbolic":"reference","module":"@delon/abc/grid","name":"SGModule","line":57,"character":2},{"__symbolic":"reference","module":"@delon/abc/date-picker","name":"DatePickerModule","line":58,"character":2}]}]}],"members":{}}},"origins":{"DelonABCModule":"./abc.module"},"importAs":"@delon/abc"}